img_src,a_href,fest_name,fest_start,fest_end,fest_loc
https://kfescdn.visitkorea.or.kr/kfes/upload/contents/db/300_022a16da-85c1-4d4e-bc30-596ed83556d4_1.jpg,https://korean.visitkorea.or.kr/kfes/detail/fstvlDetail.do?fstvlCntntsId=022a16da-85c1-4d4e-bc30-596ed83556d4&cntntsNm=%EB%B0%B1%EB%91%90%EB%8C%80%EA%B0%84%EB%B4%89%EC%9E%90%ED%8E%98%EC%8A%A4%ED%8B%B0%EB%B2%8C, 백두대간 봉자페스티벌,2024.09.26,2024.10.06,경상북도 봉화군
https://kfescdn.visitkorea.or.kr/kfes/upload/contents/db/300_8fb04e99-48b4-47ed-b1bc-0b94e824b098_1.JPG,https://korean.visitkorea.or.kr/kfes/detail/fstvlDetail.do?fstvlCntntsId=8fb04e99-48b4-47ed-b1bc-0b94e824b098&cntntsNm=NS%ED%91%B8%EB%93%9C%ED%8E%98%EC%8A%A4%ED%83%80,NS푸드페스타,2024.09.26,2024.09.27,전북특별자치도 익산시
https://kfescdn.visitkorea.or.kr/kfes/upload/contents/db/300_5a190103-d166-4dd9-acde-dc7660743e72_1.JPG,https://korean.visitkorea.or.kr/kfes/detail/fstvlDetail.do?fstvlCntntsId=5a190103-d166-4dd9-acde-dc7660743e72&cntntsNm=%EA%B0%95%EB%82%A8%ED%8E%98%EC%8A%A4%ED%8B%B0%EB%B2%8C,강남페스티벌,2024.09.26,2024.09.29,서울 강남구
https://kfescdn.visitkorea.or.kr/kfes/upload/contents/db/300_a6abce63-9ffe-4f3d-8324-22bc1ef4bf74_1.jpg,https://korean.visitkorea.or.kr/kfes/detail/fstvlDetail.do?fstvlCntntsId=a6abce63-9ffe-4f3d-8324-22bc1ef4bf74&cntntsNm=%EA%B1%B0%EC%B0%BD%ED%95%9C%EB%A7%88%EB%8B%B9%EB%8C%80%EC%B6%95%EC%A0%9C,거창한마당대축제,2024.09.26,2024.09.29,경상남도 거창군
https://kfescdn.visitkorea.or.kr/kfes/upload/contents/db/300_71dd33a6-5abf-4967-a850-560ba2f9698f_1.jpg,https://korean.visitkorea.or.kr/kfes/detail/fstvlDetail.do?fstvlCntntsId=71dd33a6-5abf-4967-a850-560ba2f9698f&cntntsNm=%EB%8F%99%ED%95%B4%EB%AC%B4%EB%A6%89%EC%A0%9C,동해 무릉제,2024.09.26,2024.09.29,강원특별자치도 동해시
https://kfescdn.visitkorea.or.kr/kfes/upload/contents/db/300_80f64be7-75f3-4344-939d-f39b561c1dfb_1.JPG,https://korean.visitkorea.or.kr/kfes/detail/fstvlDetail.do?fstvlCntntsId=80f64be7-75f3-4344-939d-f39b561c1dfb&cntntsNm=%EC%84%B8%EA%B3%84%EB%AF%BC%EC%86%8D%EC%B6%A4%EC%B6%95%EC%A0%9C,세계 민속춤 축제,2024.09.26,2024.09.26,서울 성동구
https://kfescdn.visitkorea.or.kr/kfes/upload/contents/db/300_202a3575-509f-4e34-bbf8-59328d7b89eb_1.jpg,https://korean.visitkorea.or.kr/kfes/detail/fstvlDetail.do?fstvlCntntsId=202a3575-509f-4e34-bbf8-59328d7b89eb&cntntsNm=%EC%9A%B8%EC%82%B0%EA%B3%A0%EB%9E%98%EC%B6%95%EC%A0%9C,울산고래축제,2024.09.26,2024.09.29,울산 남구
https://kfescdn.visitkorea.or.kr/kfes/upload/contents/db/300_eff44870-3537-4351-8e7c-0424e018d772_1.jpg,https://korean.visitkorea.or.kr/kfes/detail/fstvlDetail.do?fstvlCntntsId=eff44870-3537-4351-8e7c-0424e018d772&cntntsNm=%EC%B2%AD%EC%B6%98%EB%8C%80%EB%A1%9C,청춘대로,2024.09.26,2024.09.28,서울 광진구
https://kfescdn.visitkorea.or.kr/kfes/upload/contents/db/300_ea1b1692-d2a6-4062-ab31-44b91d01cc79_1.png,https://korean.visitkorea.or.kr/kfes/detail/fstvlDetail.do?fstvlCntntsId=ea1b1692-d2a6-4062-ab31-44b91d01cc79&cntntsNm=%ED%98%B8%EB%9F%AC%ED%99%80%EB%A1%9C%EA%B7%B8%EB%9E%A8%ED%8E%98%EC%8A%A4%ED%8B%B0%EB%B2%8C,호러 홀로그램 페스티벌,2024.09.26,2024.10.03,전북특별자치도 익산시
https://kfescdn.visitkorea.or.kr/kfes/upload/contents/db/300_91a8835a-2a5b-4033-99af-c4551ba2493a_1.jpg,https://korean.visitkorea.or.kr/kfes/detail/fstvlDetail.do?fstvlCntntsId=91a8835a-2a5b-4033-99af-c4551ba2493a&cntntsNm=%EB%B9%84%EC%96%B4%ED%8E%98%EC%8A%A4%ED%8A%B8%EA%B4%91%EC%A3%BC,비어페스트 광주,2024.09.25,2024.09.29,광주 서구
https://kfescdn.visitkorea.or.kr/kfes/upload/contents/db/300_fdb31af2-3f93-4817-8446-21ebd8b45789_1.jpg,https://korean.visitkorea.or.kr/kfes/detail/fstvlDetail.do?fstvlCntntsId=fdb31af2-3f93-4817-8446-21ebd8b45789&cntntsNm=%EC%84%9C%EC%9A%B8%EB%9D%BC%EC%9D%B4%ED%94%84%EC%8A%A4%ED%83%80%EC%9D%BC%ED%88%AC%EC%96%B4,서울 라이프스타일 투어,2024.09.25,2024.11.10,서울 용산구
https://kfescdn.visitkorea.or.kr/kfes/upload/contents/db/300_1fc75427-81f0-42bf-946b-d81e9a32aca5_1.jpg,https://korean.visitkorea.or.kr/kfes/detail/fstvlDetail.do?fstvlCntntsId=1fc75427-81f0-42bf-946b-d81e9a32aca5&cntntsNm=%EC%B2%9C%EC%95%88%ED%9D%A5%ED%83%80%EB%A0%B9%EC%B6%A4%EC%B6%95%EC%A0%9C,천안흥타령춤축제,2024.09.25,2024.09.29,충청남도 천안시
https://kfescdn.visitkorea.or.kr/kfes/upload/contents/db/300_2bf9d15c-63a8-4b51-80ef-7d56a39470cf_1.jpg,https://korean.visitkorea.or.kr/kfes/detail/fstvlDetail.do?fstvlCntntsId=2bf9d15c-63a8-4b51-80ef-7d56a39470cf&cntntsNm=%EB%B0%A4%EC%9D%98%EC%84%9D%EC%A1%B0%EC%A0%84,밤의 석조전,2024.09.24,2024.11.02,서울 중구
https://kfescdn.visitkorea.or.kr/kfes/upload/contents/db/300_be33c700-c288-4dd4-8e9d-ac654383d01c_1.jpg,https://korean.visitkorea.or.kr/kfes/detail/fstvlDetail.do?fstvlCntntsId=be33c700-c288-4dd4-8e9d-ac654383d01c&cntntsNm=%EA%B4%91%EC%A3%BC%ED%94%84%EB%A6%B0%EC%A7%80%ED%8E%98%EC%8A%A4%ED%8B%B0%EB%B2%8C,광주프린지페스티벌 ,2024.09.21,2024.09.29,광주 북구
https://kfescdn.visitkorea.or.kr/kfes/upload/contents/db/300_5b702834-f591-473f-af25-0b0d91911191_1.jpg,https://korean.visitkorea.or.kr/kfes/detail/fstvlDetail.do?fstvlCntntsId=5b702834-f591-473f-af25-0b0d91911191&cntntsNm=%EB%B2%BD%EC%B4%88%EC%A7%80%EC%88%98%EB%AA%A9%EC%9B%90%EA%B0%80%EC%9D%84%EA%BD%83%EA%B5%AD%ED%99%94%EC%B6%95%EC%A0%9C,벽초지수목원 가을꽃 국화축제 ,2024.09.21,2024.11.17,경기도 파주시
https://kfescdn.visitkorea.or.kr/kfes/upload/contents/db/300_38e3bda1-074b-4dab-bd08-a2c2b9e4d21f_1.jpeg,https://korean.visitkorea.or.kr/kfes/detail/fstvlDetail.do?fstvlCntntsId=38e3bda1-074b-4dab-bd08-a2c2b9e4d21f&cntntsNm=%EB%B3%84%EB%B0%94%EB%8B%A4%EB%B6%80%EC%82%B0%EB%82%98%EC%9D%B4%ED%8A%B8%EB%A7%88%EC%BC%93,별바다부산 나이트마켓,2024.09.21,2024.10.13,부산 북구
https://kfescdn.visitkorea.or.kr/kfes/upload/contents/db/300_76fa4538-ef15-4956-8469-47677cbe4586_1.jpg,https://korean.visitkorea.or.kr/kfes/detail/fstvlDetail.do?fstvlCntntsId=76fa4538-ef15-4956-8469-47677cbe4586&cntntsNm=%EB%B6%80%EC%82%B0%EC%B2%AD%EB%85%84%EC%A3%BC%EA%B0%84,부산청년주간,2024.09.21,2024.09.27,부산 수영구
https://kfescdn.visitkorea.or.kr/kfes/upload/contents/db/300_9fd7c67a-faef-4495-94f5-24548cf91fc3_1.jpg,https://korean.visitkorea.or.kr/kfes/detail/fstvlDetail.do?fstvlCntntsId=9fd7c67a-faef-4495-94f5-24548cf91fc3&cntntsNm=%EA%B3%A0%EC%B0%BD%EC%B2%AD%EB%86%8D%EC%9B%90%ED%95%91%ED%81%AC%EB%AE%AC%EB%A6%AC%EC%8B%9C%EC%A6%8C,고창청농원 핑크뮬리시즌,2024.09.20,2024.10.27,전북특별자치도 고창군
https://kfescdn.visitkorea.or.kr/kfes/upload/contents/db/300_44efb25c-bd55-4911-a73f-b1b149c22f32_1.jpg,https://korean.visitkorea.or.kr/kfes/detail/fstvlDetail.do?fstvlCntntsId=44efb25c-bd55-4911-a73f-b1b149c22f32&cntntsNm=%EC%8B%A0%EB%B9%84%EB%A1%9C%EC%9A%B4%EA%B0%95%EC%9B%90%ED%88%AC%EC%96%B4,신비로운 강원투어,2024.09.19,2024.10.13,강원특별자치도 정선군
https://kfescdn.visitkorea.or.kr/kfes/upload/contents/db/300_df8c22a2-24cd-4504-9f5e-400ef9362737_1.jpg,https://korean.visitkorea.or.kr/kfes/detail/fstvlDetail.do?fstvlCntntsId=df8c22a2-24cd-4504-9f5e-400ef9362737&cntntsNm=%EB%A7%88%EB%85%B8%EB%A5%B4%EB%B8%94%EB%9E%91%ED%95%91%ED%81%AC%EB%AE%AC%EB%A6%AC%EC%B6%95%EC%A0%9C,마노르블랑 핑크뮬리축제,2024.09.15,2024.11.30,제주도 서귀포시
https://kfescdn.visitkorea.or.kr/kfes/upload/contents/db/300_8afc7b2e-5b16-4b3d-9e31-6ecc8c01de4e_1.jpg,https://korean.visitkorea.or.kr/kfes/detail/fstvlDetail.do?fstvlCntntsId=8afc7b2e-5b16-4b3d-9e31-6ecc8c01de4e&cntntsNm=%EC%95%84%EC%B9%A8%EA%B3%A0%EC%9A%94%EC%88%98%EB%AA%A9%EC%9B%90%EB%93%A4%EA%B5%AD%ED%99%94%EC%A0%84%EC%8B%9C%ED%9A%8C,아침고요수목원 들국화전시회,2024.09.14,2024.10.13,경기도 가평군
https://kfescdn.visitkorea.or.kr/kfes/upload/contents/db/300_04cf3274-b4bd-464b-acba-b89406600472_1.jpg,https://korean.visitkorea.or.kr/kfes/detail/fstvlDetail.do?fstvlCntntsId=04cf3274-b4bd-464b-acba-b89406600472&cntntsNm=%EC%9B%90%EC%A3%BC%EC%9A%A9%EC%88%98%EA%B3%A8%EA%B0%80%EC%9D%84%EA%BD%83%EC%B6%95%EC%A0%9C,원주용수골가을꽃축제 ,2024.09.14,2024.10.06,강원특별자치도 원주시
https://kfescdn.visitkorea.or.kr/kfes/upload/contents/db/300_8b7f0ad9-384b-4b55-ba4b-5a6804cae161_1.jpg,https://korean.visitkorea.or.kr/kfes/detail/fstvlDetail.do?fstvlCntntsId=8b7f0ad9-384b-4b55-ba4b-5a6804cae161&cntntsNm=%EC%9E%90%EB%9D%BC%EC%84%AC%EA%BD%83%ED%8E%98%EC%8A%A4%ED%83%80,자라섬 꽃 페스타,2024.09.14,2024.10.13,경기도 가평군
https://kfescdn.visitkorea.or.kr/kfes/upload/contents/db/300_d6a40a6c-2fb2-4d12-9093-b437539b83c9_1.jpg,https://korean.visitkorea.or.kr/kfes/detail/fstvlDetail.do?fstvlCntntsId=d6a40a6c-2fb2-4d12-9093-b437539b83c9&cntntsNm=%ED%94%BC%EB%82%98%ED%81%B4%EB%9E%9C%EB%93%9C%EB%B6%88%EA%BD%83%EC%B6%95%EC%A0%9C,피나클랜드 불꽃축제,2024.09.14,2024.11.09,충청남도 아산시
https://kfescdn.visitkorea.or.kr/kfes/upload/contents/db/300_3d256b24-1de7-4187-91d7-62de19a65315_1.jpg,https://korean.visitkorea.or.kr/kfes/detail/fstvlDetail.do?fstvlCntntsId=3d256b24-1de7-4187-91d7-62de19a65315&cntntsNm=%ED%94%BC%EB%82%98%ED%81%B4%EB%9E%9C%EB%93%9C%EC%98%A4%EC%B2%9C%EB%A7%8C%EC%86%A1%EC%9D%B4%EA%B5%AD%ED%99%94%EC%B6%95%EC%A0%9C,피나클랜드 오천만송이 국화축제,2024.09.14,2024.11.30,충청남도 아산시
https://kfescdn.visitkorea.or.kr/kfes/upload/contents/db/300_da8a4256-7c5c-4339-b552-74c4cd87c85b_1.jpg,https://korean.visitkorea.or.kr/kfes/detail/fstvlDetail.do?fstvlCntntsId=da8a4256-7c5c-4339-b552-74c4cd87c85b&cntntsNm=%EA%B0%90%EC%95%85%EC%82%B0%EA%BD%83%EB%B3%84%EC%97%AC%ED%96%89,감악산 꽃별 여행,2024.09.13,2024.10.13,경상남도 거창군
https://kfescdn.visitkorea.or.kr/kfes/upload/contents/db/300_29d0fe75-9f4e-4ff4-b839-16e74a774f7c_1.jpg,https://korean.visitkorea.or.kr/kfes/detail/fstvlDetail.do?fstvlCntntsId=29d0fe75-9f4e-4ff4-b839-16e74a774f7c&cntntsNm=%EA%B5%AD%EA%B0%80%EC%9C%A0%EC%82%B0%EB%AF%B8%EB%94%94%EC%96%B4%EC%95%84%ED%8A%B8%EA%B3%A0%ED%9D%A5%EB%B6%84%EC%B2%AD%EC%82%AC%EA%B8%B0%EC%9A%94%EC%A7%80,국가유산 미디어아트 고흥분청사기요지,2024.09.13,2024.10.06,전라남도 고흥군
https://kfescdn.visitkorea.or.kr/kfes/upload/contents/db/300_185463a6-fd2d-4b9f-bf01-0e336f5a74aa_1.jpg,https://korean.visitkorea.or.kr/kfes/detail/fstvlDetail.do?fstvlCntntsId=185463a6-fd2d-4b9f-bf01-0e336f5a74aa&cntntsNm=%EA%B5%AD%EA%B0%80%EC%9C%A0%EC%82%B0%EB%AF%B8%EB%94%94%EC%96%B4%EC%95%84%ED%8A%B8%EA%B3%B5%EC%A3%BC%EA%B3%B5%EC%82%B0%EC%84%B1,국가유산 미디어아트 공주 공산성,2024.09.13,2024.10.10,충청남도 공주시
https://kfescdn.visitkorea.or.kr/kfes/upload/contents/db/300_576bdc2a-8371-4313-9d31-558e983e75e8_1.jpg,https://korean.visitkorea.or.kr/kfes/detail/fstvlDetail.do?fstvlCntntsId=576bdc2a-8371-4313-9d31-558e983e75e8&cntntsNm=%EB%B2%A0%EC%96%B4%ED%8A%B8%EB%A6%AC%ED%8C%8C%ED%81%AC%EB%B6%84%EC%9E%AC%EC%A0%84,베어트리파크 분재전,2024.09.13,2024.10.13,전국 전국
https://kfescdn.visitkorea.or.kr/kfes/upload/contents/db/300_e4b65b19-8c0c-4436-9d07-dc6cd41e777a_1.jpg,https://korean.visitkorea.or.kr/kfes/detail/fstvlDetail.do?fstvlCntntsId=e4b65b19-8c0c-4436-9d07-dc6cd41e777a&cntntsNm=%ED%83%9C%EC%95%88%EA%B0%80%EC%9D%84%EA%BD%83%EB%B0%95%EB%9E%8C%ED%9A%8C,태안 가을꽃박람회,2024.09.13,2024.11.04,충청남도 태안군
https://kfescdn.visitkorea.or.kr/kfes/upload/contents/db/300_3d76c452-c3c6-4959-94e9-07200623c75d_1.jpg,https://korean.visitkorea.or.kr/kfes/detail/fstvlDetail.do?fstvlCntntsId=3d76c452-c3c6-4959-94e9-07200623c75d&cntntsNm=%ED%95%98%EB%8F%99%EB%B6%81%EC%B2%9C%EC%BD%94%EC%8A%A4%EB%AA%A8%EC%8A%A4%EB%A9%94%EB%B0%80%EA%BD%83%EC%B6%95%EC%A0%9C,하동 북천 코스모스 메밀꽃 축제,2024.09.13,2024.09.29,경상남도 하동군
https://kfescdn.visitkorea.or.kr/kfes/upload/contents/db/300_4e70ff58-cba3-4484-8e2d-0704feac6136_1.jpg,https://korean.visitkorea.or.kr/kfes/detail/fstvlDetail.do?fstvlCntntsId=4e70ff58-cba3-4484-8e2d-0704feac6136&cntntsNm=%ED%9C%B4%EC%95%A0%EB%A6%AC%ED%95%91%ED%81%AC%EB%AE%AC%EB%A6%AC%EC%B6%95%EC%A0%9C,휴애리 핑크뮬리 축제,2024.09.13,2024.11.17,제주도 서귀포시
https://kfescdn.visitkorea.or.kr/kfes/upload/contents/db/300_765890a8-4873-46bc-9f1f-56bf680e12cf_1.jpg,https://korean.visitkorea.or.kr/kfes/detail/fstvlDetail.do?fstvlCntntsId=765890a8-4873-46bc-9f1f-56bf680e12cf&cntntsNm=%EA%B3%A0%EC%B0%BD%ED%95%91%ED%81%AC%EB%AE%AC%EB%A6%AC%EC%B6%95%EC%A0%9C,고창 핑크뮬리 축제,2024.09.12,2024.11.03,전북특별자치도 고창군
https://kfescdn.visitkorea.or.kr/kfes/upload/contents/db/300_22059c53-b1f2-4ff5-9336-c43569809e21_1.JPG,https://korean.visitkorea.or.kr/kfes/detail/fstvlDetail.do?fstvlCntntsId=22059c53-b1f2-4ff5-9336-c43569809e21&cntntsNm=%EA%B7%80%EB%AA%BD,귀몽,2024.09.12,2024.10.13,제주도 제주시
https://kfescdn.visitkorea.or.kr/kfes/upload/contents/db/300_c9d13813-7b3c-49d0-be55-f934f1e0abaf_1.jpg,https://korean.visitkorea.or.kr/kfes/detail/fstvlDetail.do?fstvlCntntsId=c9d13813-7b3c-49d0-be55-f934f1e0abaf&cntntsNm=%EC%B0%BD%EB%8D%95%EA%B6%81%EB%8B%AC%EB%B9%9B%EA%B8%B0%ED%96%89,창덕궁 달빛기행,2024.09.12,2024.11.10,서울 종로구
https://kfescdn.visitkorea.or.kr/kfes/upload/contents/db/300_77a088e0-72c5-463f-b9c8-898275a41af5_1.png,https://korean.visitkorea.or.kr/kfes/detail/fstvlDetail.do?fstvlCntntsId=77a088e0-72c5-463f-b9c8-898275a41af5&cntntsNm=%EA%B2%BD%EB%B3%B5%EA%B6%81%EB%B3%84%EB%B9%9B%EC%95%BC%ED%96%89,경복궁 별빛야행,2024.09.11,2024.10.06,서울 종로구
https://kfescdn.visitkorea.or.kr/kfes/upload/contents/db/300_2df360c5-f76e-4c00-961f-6cf4781cb195_1.jpg,https://korean.visitkorea.or.kr/kfes/detail/fstvlDetail.do?fstvlCntntsId=2df360c5-f76e-4c00-961f-6cf4781cb195&cntntsNm=%EB%8B%AC%EC%84%B1%EB%8C%80%EA%B5%AC%ED%98%84%EB%8C%80%EB%AF%B8%EC%88%A0%EC%A0%9C,달성 대구현대미술제 ,2024.09.07,2024.10.06,대구 달성군
https://kfescdn.visitkorea.or.kr/kfes/upload/contents/db/300_9cdf68bf-99c2-44b5-9b55-99f3a71e1199_1.jpg,https://korean.visitkorea.or.kr/kfes/detail/fstvlDetail.do?fstvlCntntsId=9cdf68bf-99c2-44b5-9b55-99f3a71e1199&cntntsNm=%EB%AC%B4%EC%B0%BD%ED%8F%AC%EA%B0%80%EC%9D%84%EB%8C%80%ED%95%98%EC%A0%84%EC%96%B4%EB%8C%80%EC%9E%94%EC%B9%98,무창포 가을 대하 전어 대잔치,2024.09.07,2024.10.06,충청남도 보령시
https://kfescdn.visitkorea.or.kr/kfes/upload/contents/db/300_9f520936-3791-4612-9137-7e04f40d9c8d_1.jpg,https://korean.visitkorea.or.kr/kfes/detail/fstvlDetail.do?fstvlCntntsId=9f520936-3791-4612-9137-7e04f40d9c8d&cntntsNm=%EC%9D%B4%EC%9B%94%EB%93%9C%ED%8E%8C%ED%82%A8%ED%8E%98%EC%8A%A4%ED%83%80,이월드 펌킨 페스타,2024.09.07,2024.11.03,대구 달서구
https://kfescdn.visitkorea.or.kr/kfes/upload/contents/db/300_5aa748cc-5523-4fca-bf80-3b331ba22212_1.jpg,https://korean.visitkorea.or.kr/kfes/detail/fstvlDetail.do?fstvlCntntsId=5aa748cc-5523-4fca-bf80-3b331ba22212&cntntsNm=%ED%8F%AC%EC%B2%9C%ED%95%9C%ED%83%84%EA%B0%95%EA%B0%80%EB%93%A0%ED%8E%98%EC%8A%A4%ED%83%80,포천 한탄강 가든페스타,2024.09.07,2024.10.13,경기도 포천시
https://kfescdn.visitkorea.or.kr/kfes/upload/contents/db/300_7636d9cf-184a-4fe4-a3d7-17e3aa429334_1.png,https://korean.visitkorea.or.kr/kfes/detail/fstvlDetail.do?fstvlCntntsId=7636d9cf-184a-4fe4-a3d7-17e3aa429334&cntntsNm=981%EB%8D%B0%EC%9D%B4981ONAIR,981 데이: 981 ON AIR,2024.09.06,2024.09.29,제주도 제주시
https://kfescdn.visitkorea.or.kr/kfes/upload/contents/db/300_7bb92f39-bc94-44fc-94fb-13c974770bdf_1.jpeg,https://korean.visitkorea.or.kr/kfes/detail/fstvlDetail.do?fstvlCntntsId=7bb92f39-bc94-44fc-94fb-13c974770bdf&cntntsNm=%EA%B5%AD%EA%B0%80%EC%9C%A0%EC%82%B0%EB%AF%B8%EB%94%94%EC%96%B4%EC%95%84%ED%8A%B8%EB%B6%80%EC%97%AC,국가유산 미디어아트 부여,2024.09.06,2024.09.29,충청남도 부여군
https://kfescdn.visitkorea.or.kr/kfes/upload/contents/db/300_598c5ace-ca37-41be-b180-e01f4a467008_1.jpg,https://korean.visitkorea.or.kr/kfes/detail/fstvlDetail.do?fstvlCntntsId=598c5ace-ca37-41be-b180-e01f4a467008&cntntsNm=%EA%B5%AD%EA%B0%80%EC%9C%A0%EC%82%B0%EB%AF%B8%EB%94%94%EC%96%B4%EC%95%84%ED%8A%B8%EC%9D%B5%EC%82%B0%EB%AF%B8%EB%A5%B5%EC%82%AC%EC%A7%80,국가유산 미디어아트 익산 미륵사지 ,2024.09.06,2024.10.06,전북특별자치도 익산시
https://kfescdn.visitkorea.or.kr/kfes/upload/contents/db/300_3a7630df-c1da-4c3c-a0c0-21923699b312_1.jpg,https://korean.visitkorea.or.kr/kfes/detail/fstvlDetail.do?fstvlCntntsId=3a7630df-c1da-4c3c-a0c0-21923699b312&cntntsNm=%EA%B2%BD%EB%B3%B5%EA%B6%81%EC%83%9D%EA%B3%BC%EB%B0%A9,경복궁 생과방,2024.09.04,2024.10.31,서울 종로구
https://kfescdn.visitkorea.or.kr/kfes/upload/contents/db/300_edf65db1-8c43-4cf8-b1f7-098fa7e4250f_1.png,https://korean.visitkorea.or.kr/kfes/detail/fstvlDetail.do?fstvlCntntsId=edf65db1-8c43-4cf8-b1f7-098fa7e4250f&cntntsNm=%EC%A0%9C%EB%A1%9C%ED%94%8C%ED%8E%98%EC%8A%A4%ED%83%80,제로플 페스타,2024.08.31,2024.09.29,서울 광진구
https://kfescdn.visitkorea.or.kr/kfes/upload/contents/db/300_22b32ddd-8323-4e9f-980b-d7e08e2bfd5f_1.jpg,https://korean.visitkorea.or.kr/kfes/detail/fstvlDetail.do?fstvlCntntsId=22b32ddd-8323-4e9f-980b-d7e08e2bfd5f&cntntsNm=%ED%99%8D%EC%84%B1%EB%82%A8%EB%8B%B9%ED%95%AD%EB%8C%80%ED%95%98%EC%B6%95%EC%A0%9C,홍성남당항 대하축제,2024.08.30,2024.10.31,충청남도 홍성군
https://kfescdn.visitkorea.or.kr/kfes/upload/contents/db/300_decaea61-faaf-4333-a597-afb0071537a3_1.jpg,https://korean.visitkorea.or.kr/kfes/detail/fstvlDetail.do?fstvlCntntsId=decaea61-faaf-4333-a597-afb0071537a3&cntntsNm=%EC%9B%A8%EC%9D%B4%EB%B7%B0%EC%BD%94%EC%8A%A4%EB%AA%A8%EC%8A%A4%EC%B6%95%EC%A0%9C,웨이뷰 코스모스 축제,2024.08.09,2024.10.13,제주도 제주시
https://kfescdn.visitkorea.or.kr/kfes/upload/contents/db/300_d0525d1e-637e-4ac5-a919-e3b710de806f_1.png,https://korean.visitkorea.or.kr/kfes/detail/fstvlDetail.do?fstvlCntntsId=d0525d1e-637e-4ac5-a919-e3b710de806f&cntntsNm=%EA%B5%AC%ED%8C%94%EC%9D%BC%EC%84%A0%EC%85%8B%EB%A0%88%EC%9D%B4%EC%8A%A4,구팔일 선셋 레이스,2024.07.20,2024.10.31,제주도 제주시
https://kfescdn.visitkorea.or.kr/kfes/upload/contents/db/300_1299c475-f84e-45b3-b7ad-0f80ab8232c5_1.jpg,https://korean.visitkorea.or.kr/kfes/detail/fstvlDetail.do?fstvlCntntsId=1299c475-f84e-45b3-b7ad-0f80ab8232c5&cntntsNm=%EC%9A%A9%EC%84%A4%EC%95%A0%E6%84%9BFESTA,용설애(愛) FESTA,2024.07.20,2024.10.20,경기도 안성시
https://kfescdn.visitkorea.or.kr/kfes/upload/contents/db/300_5f6a69a4-db10-4b48-8f3b-101354a1a774_1.jpg,https://korean.visitkorea.or.kr/kfes/detail/fstvlDetail.do?fstvlCntntsId=5f6a69a4-db10-4b48-8f3b-101354a1a774&cntntsNm=%EB%B3%84%EB%B0%94%EB%8B%A4%EB%B6%80%EC%82%B0%EB%82%98%EC%9D%B4%ED%8A%B8%ED%8E%98%EC%8A%A4%ED%83%80,별바다부산 나이트페스타,2024.07.01,2024.10.31,부산 사하구
https://kfescdn.visitkorea.or.kr/kfes/upload/contents/db/300_718540d4-30a9-4785-937a-02b61f075c37_1.png,https://korean.visitkorea.or.kr/kfes/detail/fstvlDetail.do?fstvlCntntsId=718540d4-30a9-4785-937a-02b61f075c37&cntntsNm=%EB%AC%B8%ED%99%94%EA%B0%80%EC%9E%88%EB%8A%94%EB%82%A0%EC%8B%A4%EB%B2%84%EB%A7%88%EC%9D%B4%ED%81%AC%EC%A0%84%EB%9D%BC%EC%A0%9C%EC%A3%BC%EA%B6%8C%EC%97%AD,문화가 있는 날 실버마이크 &lt;전라·제주 권역&gt;,2024.06.26,2024.12.01,광주 광산구
https://kfescdn.visitkorea.or.kr/kfes/upload/contents/db/300_9759605a-ba6a-4a01-b430-8deffe9960fa_1.jpg,https://korean.visitkorea.or.kr/kfes/detail/fstvlDetail.do?fstvlCntntsId=9759605a-ba6a-4a01-b430-8deffe9960fa&cntntsNm=K%ED%91%B8%EB%93%9C%ED%8E%98%EC%8A%A4%ED%8B%B0%EB%B2%8C%EB%84%89%EB%84%89,K-푸드 페스티벌 넉넉,2024.05.29,2025.05.31,서울 종로구
https://kfescdn.visitkorea.or.kr/kfes/upload/contents/db/300_2cd0c3d5-7e0e-4d02-bd5b-c37ed3736510_1.jpg,https://korean.visitkorea.or.kr/kfes/detail/fstvlDetail.do?fstvlCntntsId=2cd0c3d5-7e0e-4d02-bd5b-c37ed3736510&cntntsNm=%EB%AC%B8%ED%99%94%EA%B0%80%EC%9E%88%EB%8A%94%EB%82%A0%EC%B2%AD%EC%B6%98%EB%A7%88%EC%9D%B4%ED%81%AC%EC%B6%A9%EC%B2%AD%EA%B6%8C,문화가 있는 날 청춘마이크 충청권,2024.05.29,2024.12.01,대전 서구
https://kfescdn.visitkorea.or.kr/kfes/upload/contents/db/300_b8f9f3e0-3144-4482-855b-012cca641893_1.jpg,https://korean.visitkorea.or.kr/kfes/detail/fstvlDetail.do?fstvlCntntsId=b8f9f3e0-3144-4482-855b-012cca641893&cntntsNm=DMZOPEN%ED%8E%98%EC%8A%A4%ED%8B%B0%EB%B2%8C,DMZ OPEN 페스티벌,2024.05.09,2024.11.16,경기도 파주시
https://kfescdn.visitkorea.or.kr/kfes/upload/contents/db/300_d2f258a8-33c2-4cd9-8736-41be5c9407d7_1.jpg,https://korean.visitkorea.or.kr/kfes/detail/fstvlDetail.do?fstvlCntntsId=d2f258a8-33c2-4cd9-8736-41be5c9407d7&cntntsNm=%EB%82%AD%EB%A7%8C%EB%93%B1%EB%B6%88%EC%B6%95%EC%A0%9C,낭만등불축제,2024.05.01,2025.04.30,경기도 남양주시
https://kfescdn.visitkorea.or.kr/kfes/upload/contents/db/300_e12518da-0897-47cf-88c9-a84d524ce53c_1.jpg,https://korean.visitkorea.or.kr/kfes/detail/fstvlDetail.do?fstvlCntntsId=e12518da-0897-47cf-88c9-a84d524ce53c&cntntsNm=%EC%A0%9C%EC%A3%BC%EB%AF%BC%EC%86%8D%EC%B4%8C%EB%AF%BC%EC%86%8D%EC%B2%B4%ED%97%98%EC%B6%95%EC%A0%9C,제주민속촌 민속체험축제,2024.05.01,2024.12.31,제주도 서귀포시
https://kfescdn.visitkorea.or.kr/kfes/upload/contents/db/300_e4351add-7b59-4842-b3b5-c38062b47c7c_1.jpg,https://korean.visitkorea.or.kr/kfes/detail/fstvlDetail.do?fstvlCntntsId=e4351add-7b59-4842-b3b5-c38062b47c7c&cntntsNm=%EC%96%91%ED%99%94%EC%A7%84%EA%B7%BC%EB%8C%80%EC%82%AC%EB%B1%83%EA%B8%B8%ED%83%90%EB%B0%A9,양화진 근대사 뱃길탐방,2024.04.23,2024.11.07,서울 마포구
https://kfescdn.visitkorea.or.kr/kfes/upload/contents/db/300_32efce47-9085-4c4c-b0db-7bca0c8739f4_1.JPG,https://korean.visitkorea.or.kr/kfes/detail/fstvlDetail.do?fstvlCntntsId=32efce47-9085-4c4c-b0db-7bca0c8739f4&cntntsNm=%ED%95%9C%EA%B0%95%EC%97%AD%EC%82%AC%ED%83%90%EB%B0%A9,한강역사탐방,2024.04.15,2024.11.30,서울 영등포구
https://kfescdn.visitkorea.or.kr/kfes/upload/contents/db/300_864b8312-2136-4d9a-a1b9-57d446e1260b_1.jpg,https://korean.visitkorea.or.kr/kfes/detail/fstvlDetail.do?fstvlCntntsId=864b8312-2136-4d9a-a1b9-57d446e1260b&cntntsNm=%EB%B0%A4%EA%B0%80%EC%8B%9C%EC%B4%88%EA%B0%80%EB%A7%88%EC%8B%A4%EA%B0%80%EC%9E%90,밤가시초가 마실가자 ,2024.04.06,2024.10.27,경기도 고양시
https://kfescdn.visitkorea.or.kr/kfes/upload/contents/db/300_b2c4fc5a-5ff9-4d32-9039-5093bea59f83_1.jpg,https://korean.visitkorea.or.kr/kfes/detail/fstvlDetail.do?fstvlCntntsId=b2c4fc5a-5ff9-4d32-9039-5093bea59f83&cntntsNm=%ED%95%9C%EA%B5%AD%EB%AF%BC%EC%86%8D%EC%B4%8C%EC%82%B4%EA%B7%80%EC%98%A5AHauntedPrison,"한국민속촌 살귀옥, A Haunted Prison",2024.04.06,2024.11.10,경기도 용인시
https://kfescdn.visitkorea.or.kr/kfes/upload/contents/db/300_449344da-1a0f-45a5-9d00-73011ab3aa3c_1.jpg,https://korean.visitkorea.or.kr/kfes/detail/fstvlDetail.do?fstvlCntntsId=449344da-1a0f-45a5-9d00-73011ab3aa3c&cntntsNm=%ED%95%9C%EA%B5%AD%EB%AF%BC%EC%86%8D%EC%B4%8C%EC%A1%B0%EC%84%A0%EC%82%B4%EC%9D%B8%EC%88%98%EC%82%AC,한국민속촌 조선살인수사,2024.04.06,2024.11.10,경기도 용인시
https://kfescdn.visitkorea.or.kr/kfes/upload/contents/db/300_9f1838dd-f39e-4599-aafe-6c5ea3b8cc45_1.png,https://korean.visitkorea.or.kr/kfes/detail/fstvlDetail.do?fstvlCntntsId=9f1838dd-f39e-4599-aafe-6c5ea3b8cc45&cntntsNm=%EC%84%9C%EC%9A%B8%EA%B1%B0%EB%A6%AC%EA%B3%B5%EC%97%B0%EA%B5%AC%EC%84%9D%EA%B5%AC%EC%84%9D%EB%9D%BC%EC%9D%B4%EB%B8%8C,서울거리공연 구석구석 라이브,2024.04.01,2024.11.30,서울 용산구
https://kfescdn.visitkorea.or.kr/kfes/upload/contents/db/300_438bf21f-58a5-4ddd-b3cf-30e332b49d3c_1.png,https://korean.visitkorea.or.kr/kfes/detail/fstvlDetail.do?fstvlCntntsId=438bf21f-58a5-4ddd-b3cf-30e332b49d3c&cntntsNm=%EB%B6%80%EC%82%B0%EA%B5%AD%EC%A0%9C%EB%A7%A4%EC%A7%81%ED%8E%98%EC%8A%A4%ED%8B%B0%EB%B2%8C,부산국제매직페스티벌,2024.03.23,2024.12.15,부산 남구
https://kfescdn.visitkorea.or.kr/kfes/upload/contents/db/300_220371a8-ec85-46b7-8bb0-30afa9a93a19_1.jpg,https://korean.visitkorea.or.kr/kfes/detail/fstvlDetail.do?fstvlCntntsId=220371a8-ec85-46b7-8bb0-30afa9a93a19&cntntsNm=%EA%B5%AC%ED%8C%94%EC%9D%BC%EB%8C%95%EB%8C%95%EC%9D%B4%EB%A0%88%EC%9D%B4%EC%8B%B1,구팔일 댕댕이 레이싱!,2024.03.02,2024.12.31,제주도 제주시
https://kfescdn.visitkorea.or.kr/kfes/upload/contents/db/300_3252dcb7-7b01-4e9d-84c0-bccfd010bffb_1.jpg,https://korean.visitkorea.or.kr/kfes/detail/fstvlDetail.do?fstvlCntntsId=3252dcb7-7b01-4e9d-84c0-bccfd010bffb&cntntsNm=%EC%B2%AD%EB%8F%84%ED%94%84%EB%A1%9C%EB%B0%A9%EC%8A%A4%EB%B9%9B%EC%B6%95%EC%A0%9C,청도 프로방스 빛축제,2024.02.19,2024.11.17,경상북도 청도군
https://kfescdn.visitkorea.or.kr/kfes/upload/contents/db/300_ad5c67ee-205c-4cba-964e-6c0b968996da_1.jpg,https://korean.visitkorea.or.kr/kfes/detail/fstvlDetail.do?fstvlCntntsId=ad5c67ee-205c-4cba-964e-6c0b968996da&cntntsNm=%EB%A7%8C%EC%88%98%EC%B2%9C%EB%B9%9B%EC%9D%98%EA%B1%B0%EB%A6%AC,만수천 빛의거리,2024.02.01,2024.12.31,인천 남동구
https://kfescdn.visitkorea.or.kr/kfes/upload/contents/db/300_0cc87ae6-c8ee-470a-8941-15318e0a5048_1.jpg,https://korean.visitkorea.or.kr/kfes/detail/fstvlDetail.do?fstvlCntntsId=0cc87ae6-c8ee-470a-8941-15318e0a5048&cntntsNm=%EC%84%9C%EC%B0%BD%EB%B3%84%EB%B9%9B%EA%B1%B0%EB%A6%AC,서창별빛거리,2024.02.01,2024.12.31,인천 남동구
https://kfescdn.visitkorea.or.kr/kfes/upload/contents/db/300_62bbfc61-0c83-4108-be6b-304cc3d471bc_1.jpg,https://korean.visitkorea.or.kr/kfes/detail/fstvlDetail.do?fstvlCntntsId=62bbfc61-0c83-4108-be6b-304cc3d471bc&cntntsNm=%EB%B3%84%EB%B9%9B%EC%9D%B4%ED%9D%90%EB%A5%B4%EB%8A%94%EC%A0%95%EC%9B%90,별빛이 흐르는 정원,2024.01.01,2024.12.31,경기도 파주시
https://kfescdn.visitkorea.or.kr/kfes/upload/contents/db/300_a8fcf987-666e-404e-9446-0a7f787e83fb_1.jpg,https://korean.visitkorea.or.kr/kfes/detail/fstvlDetail.do?fstvlCntntsId=a8fcf987-666e-404e-9446-0a7f787e83fb&cntntsNm=%EC%84%9C%EC%9A%B8%EB%9E%9C%EB%93%9C%EB%B6%88%EB%B9%9B%EC%B6%95%EC%A0%9C%EB%A3%A8%EB%82%98%ED%8C%8C%ED%81%AC,서울랜드 불빛축제 루나파크,2024.01.01,2024.12.31,경기도 과천시
https://kfescdn.visitkorea.or.kr/kfes/upload/contents/db/300_f08854b6-4f5d-471f-9a3f-fb340fd9da20_1.jpg,https://korean.visitkorea.or.kr/kfes/detail/fstvlDetail.do?fstvlCntntsId=f08854b6-4f5d-471f-9a3f-fb340fd9da20&cntntsNm=%EC%95%88%EC%82%B0%EB%B3%84%EB%B9%9B%EB%A7%88%EC%9D%84%EC%95%A0%EB%8B%88%EB%A9%80%ED%95%98%ED%8A%B8%EB%B9%8C%EB%A6%AC%EC%A7%80%EB%B9%9B%EC%B6%95%EC%A0%9C,안산별빛마을 애니멀 &amp; 하트빌리지 빛축제,2024.01.01,2024.12.31,경기도 안산시
https://kfescdn.visitkorea.or.kr/kfes/upload/contents/db/300_8129adef-6a10-4b6e-857e-3390fd96d74a_1.jpg,https://korean.visitkorea.or.kr/kfes/detail/fstvlDetail.do?fstvlCntntsId=8129adef-6a10-4b6e-857e-3390fd96d74a&cntntsNm=%ED%95%9C%EA%B5%AD%EC%9D%98%EC%A7%91%EA%B3%A0%ED%98%B8%EC%9E%AC,한국의집 고호재,2024.01.01,2024.12.31,서울 중구
https://kfescdn.visitkorea.or.kr/kfes/upload/contents/db/300_a1fb2900-8fdf-4c70-979d-39c05b65ee07_1.jpg,https://korean.visitkorea.or.kr/kfes/detail/fstvlDetail.do?fstvlCntntsId=a1fb2900-8fdf-4c70-979d-39c05b65ee07&cntntsNm=%ED%97%88%EB%B8%8C%EC%95%84%EC%9D%BC%EB%9E%9C%EB%93%9C%EB%B6%88%EB%B9%9B%EB%8F%99%ED%99%94%EC%B6%95%EC%A0%9C,허브아일랜드 불빛동화축제,2024.01.01,2024.12.31,경기도 포천시
https://kfescdn.visitkorea.or.kr/kfes/upload/contents/db/300_7be130ae-d136-45d7-9a5c-de3af5691c16_1.jpg,https://korean.visitkorea.or.kr/kfes/detail/fstvlDetail.do?fstvlCntntsId=7be130ae-d136-45d7-9a5c-de3af5691c16&cntntsNm=%ED%83%9C%EC%95%88%EB%B9%9B%EC%B6%95%EC%A0%9C,태안 빛축제,2023.01.01,2024.12.31,충청남도 태안군
